Object Name,Count,Percentage
person,11,45.83333333333333
sheep,9,37.5
bear,1,4.166666666666666
tie,1,4.166666666666666
teddy bear,1,4.166666666666666
dog,1,4.166666666666666
